ID,Manufacturer Details
1,"Snitch Apparels Pvt. Ltd. No. 1/1, St. Johns Church Road, Bharathinagar, Bengaluru - 560005"
2,"Powerlook 116/929-930, BEST COLONY ROAD, MOTILAL NAGAR 1, GOREGAON WEST, MUMBAI 400104"
3,"KTT Exports, SF No 90. East Garden, Sollipalayam, Tirupur - 641652"
4,"GARG ACRYLICS, 1230/1, KANGANWAL ROAD, V.P.O, JUGIANA, G.T. ROAD, SAHNEWAL, PUNJAB 141120"
5,"Lifestyle International Private Limited,77 Town Centre,No 3 West Wing, Off, Yamlur PO, Bengaluru, Karnataka 560037"
6,"Brand Studio Lifestyle Pvt Ltd Sy#330/B,324,331,331/B,331 1 334/1Marasur Village Kasaba Hobli Anekal Taluk Bangalore 562106"
7,#ACTIVE CLOTHING CO LIMITED GHEL ROAD VILLAGE BADALI ALA SINGH 140406 FATEHGARH SAHIB INDIA
8,"Garg acrylic ltd, Kanganwal road jugiana, Ludhiana Punjab India , 141010"
9,"GARG ACRYLIC LIMITED ADDRESS-KANGANWAL ROAD, V.P.O JUGIANA G.T ROAD,Sahnewal, PUNJAB,141120"
10,"BANANA CLUB CLOTHING PRIVATE LIMITED Site No-28, Near Uttarahalli Bus Stop, Subramanyapura Main Rd, Bangalore Urban, Bengaluru-560061"
11,"Thomas Scott (India) Ltd, 4th Floor and 405, Kewal Industries Estate,S B Marg, Lower Parel West, Mumbai City, Maharastra 400013"
12,"BLING BRANDS PRIVATE LIMITED No.1433/A, New No. 32, Jayanagar, 39th Cross, 21st Main, 4th T Block, Bangalore, Karnataka, 560052 Customer Care No. : 080 43702806Email Support : care.blingbrands@gmail.com"
13,ROYAL CLASSIC MILLS P LTD UNIT VI SENJERIPUTHUR SULUR ( TK ) 200/1D 641671 COIMBATORE INDIA
14,"KAPOOR COTSYN EXPORTS 15-B TEXTILE COLONY, INDUSTRIAL AREA-A LUDHIANA-141003"
15,"SRI LAKSHMI CLOTHINGS T.K.T.MILL ,TIRUPUR 330/1, SRI GOKULA KRISHNA NAGAR, T.K.T.MILL ,TIRUPUR T.K.T.MILL ,TIRUPUR 641605 TIRUPPUR INDIA"
16,"OUTDRIP, F-165, RAJOURI GARDEN, NEW DELHI - 110027"
17,"Thimblerr Commerce And Technology Private Limited Khasra No 24//23/2/2,24/2,24/3,25/2/1, 34//3/3,4,5/1,26 Village, Jaurasi, Distt. Mewat, Haryana-122015,Gurgaon,Haryana,122015"
18,"AMRIT IMPEX PRIVATE LIMITED,1, 6th,BRITISH INDIAN STREET,Kolkata,WEST BENGAL-700069"
19,"RADHAMANI TEXTILES PVT. LTD. NO. 27, VTMS ARCADE, YELENKUNTE, MANGAMMANAPALYA, Hosur main Road, Bengaluru-560068"
20,Frost Clothings E-67 1st Floor Sec-7 Noida UP-201301
21,"H & M Hennes & Mauritz Retail Private Limited, Prakhhyat Infraprojects PVT. LTD., BUILDING 6, K-Square Logistics Park C/O LF LogisticsNear Padgha Toll Naka on MUMBAI-NASIKThane , Maharashtra - 421101"
22,"PRATYAYA E-commerce Private Limited5th Floor, Western Aqua 121, Workenstein Collaborative Spaces Private Limited, Kondapur, Hi Tech City, Whitefields, Hyderabad, Rangareddy, Telangana, 500081"
23,"Bewakoof Brands Pvt Ltd, Sairaj Logistic Hub #A5, Bmc Pipeline Road, Opposite All Saints High School, Amane, Bhiwandi, Thane, Maharashtra - 421302"
24,"Euro Clothing Company , No. 122 / 1, Doddabidarakallu, village, Yeshwanthpur Hobli, Tumkur Road, Karnataka, 560073 Bangalore, India"
25,Silver moon clothing nadihal bandipora jammu and kashmir 193502
26,"Stylofy 1st Floor, 4th cross, No 207 Lalbagh Road, Bengaluru Urban, BANGALORE 560027"
27,"Sri Balaji Texknit Clothing Co, Tirupur - 641604"
28,"Alan Jones Clothing, Shree Traders, Survey No. 1867/3/1/1, Nisarg Royal Industrial Park, Vatar Morai Road, Vatar, Valsad, Gujarat, 396191"
29,"SWASTIK TEXHUB INDIA LLP, Koti,Hyderabad, Telangana 500095"
30,"Jaiyam Industries LLP, Plot No - 40, Industrial Area Phase -2, Panchkula, Haryana 134109"
31,"Adidas India Marketing Private Ltd. Office no.6, 2nd Floor, Sector-B, Pocket-7, Plot no-11, Vasant Kunj, New Delhi-110070"
32,"kapoor cotsyn exports 15-b textile colony, industrial area-a , ludhiana-141003"
33,"Brandstudio Lifestyle No.113,Krishna Reddy Indl.Area,7th Mile, Kudlu Gate,Hosur Main Road, Bangalore-560 068"
34,"Prateek Apparels Pvt Ltd 113,Krishna Reddy industrial Area 7th Mile Hosur Road Kudlu Pin-560068"
35,"GUS Clothing Pvt. Ltd. 547, Sarkar Periyalayam, Uthukuli Rd, Tiruppur, Tamil Nadu 641607"
36,"Gala No. B-3 Mahavir Logiplex, Amne Village, Nr. Sawad Naka, Kalyan-Padgha Road, Bhiwandi, Amane, Maharashtra 421302"
37,"MADHAV IMPEX INDIA PLOT NO. A-8, SECTOR A-7, TRONICA CITY INDUSTRIAL AREA, LONI, GAZIABAD, U.P.-201102"
38,"INTERNATIONAL TRADING COMPANY,SF No.562, Shed No.3, NETAJI APPAREL PARK, EETTIVEERAMPALAYAM, AVINASHI TALUK, Tiruppur, Tamil Nadu, 641666"
39,"Monte Carlo Fashions Limited Unit-2, 231, Industrial Area - A, Ludhiana-141003, Punjab, India"
40,"Brand Studio Lifestyle Pvt Ltd Sy#330B,324,331,331B,331 1& 3341Marasur Village Kasaba Hobli Anekal Taluk Bangalore 562106"
41,"LAXMI TRADERS,B-99 MAIN ROAD MAIN KANTI NAGAR DELHI-110051"
42,"PALTA HOSIERY FACTORY, NEW KITCHLU NAGAR PART-II HAMBRAN ROAD LUDHIANA 141001"
43,"Rasham Knitwears, St. NO.1, SANT SINGH NAGAR, NEAR A.V.M SCHOOL, NOORWALA ROAD, LUDHIANA (PB) 141007"
44,"PDS MULTINATIONAL FASHIONS LIMITEDNO-132A,SP MUKHERJEE ROAD,KALIGHAT,KALIGHAT,Kolkata,West bengal,700026"
45,"Jay Kay Knitwears, New kitchlu nagar part 2 ,hambran road,Ludhiana, Punjab, Pin -141010"
46,"Duke Fashions India Limited, GT Road West (Near Jalandhar Bypass, Ludhiana) 141008"
47,"Campus Sutra Retail private limited,2nd floor, 117/A,5th main road,yeshwanthpur,Bengaluru 560022"
48,"Fugazee Lifestyle LLP NR 27,GF,CrossRoad Complex,S Block,DLF Phase 3,Gurugram,Haryana- 122002"
49,"Madhav Impex India Plot No. A-8, Sector A-7, Part-1, Tronica City Industrial Area, Loni, Gaziabad. Uttar Pradesh-201102"
50,"Jay Kay knitwears New kitchlu Nagar,Part-2,Hambran Road,Ludhiana-141001,Punjab,India"
51,"Black Buck Fashion Pvt Ltd, J1, Textile Colony, Industrial Area A, R.K. Road, Ludhiana,141008"
52,"S.R ENTERPRISES House No.116, 04,Guru Gobind Singh Nagar,Noorwala Road,Ludhiana,Punjab,141008"
53,"EASTEND EXPORTS, VILL.GAUNSGARH, RAHON ROAD, Punjab, India, 141007, Ludhiana, Punjab, 141007"
54,"Showoff,No.1371,6th Cross,Munivenkatappa Layout,N.S.Pallya, Btm 2nd Stage,Bangalore - 560076 Karnataka (29) ,India"
55,"Culture clothing pvt ltd, B-117 Sector-88, Noida-201305, India"
56,"Numero Uno CLOTHING LTD. Khasra No. 1//24,25,3//1/1 Village Hasnapur & 14//19/2/2,20,21/1,22/1,15//15/2,16,17,25 Village Darbaripur, Gurgaon, Haryana. Pincode-122004GST No. 06AACCN4869R1ZN"
57,Rover techno solution 102 pandit mohalla chilla village delhi - 110091
58,"WINSOME KNITWEAR(PROP WINSOME YARNS LTD)B-58, PHASE-8, INDUSTRIAL AREA, MOHALI, PUNJAB-160059"
59,"Imported By - Decathlon Sports India, Survey No - 78/10, A2 - Chikkajala Village, Bellary Rd, 562157, Bengaluru, Karnataka, India, Email :, Phone"
60,"MAITRI KNITWEAR ,Behind hp gas agencies,Vill bajra,rahon road ludhiana,Ludhiana,Punjab,141008"
61,"MYTIA EXPORTS PRIVATE LIMITED, C/O AMANDEEP KAUR, BEHIND HP GAS HOUSELUDHIANALudhiana , PUNJAB - 141001"
62,"KAALI PEELI ETAIL PRIVATE LIMITED, 1st Floor,270/88/4-5, Kupendra Reddy Layout,ACES B BLOCK, Singasandra,Bengaluru, Karnataka-560068"
63,"P AND G Enterprises Pvt. Ltd. / D-135 Okhla Phase 1, 110020"
64,"Since99 Apparel Private Limited, H No-104, I-2, Sai Dhara Warehousing Complex, Bhoirgaon, Bhiwandi, Kharbav, Thane, Maharashtra - 421302, India"
65,"GOUTAM TRADING CO., 2580A BABA GAJJA JAIN COLONY, MOTI NAGAR LUDHIANA, Punjab, India, 141010, Ludhiana, Punjab, 141010"
66,"Metawear Limited, A block, Floor 3, Dr Annie Besant Road, Mumbai, Maharashtra - 400018"
67,"Preferred Trade, No.59, Krishnappa Tank street, Kondithope, Chennai - 600079"
68,"Jain Hitex Creation Pvt Ltd, 402/14 Near Nikki Furniture, Mony Hotel Road, Narol-Isanpur Highway, Isanpur, Ahmedabad, Gujarat 382443,"
69,"adidas India Marketing (P) Ltd Office no.6, 2nd Floor, Sector-B, Pocket-7, Plot no-11, Vasant Kunj, New Delhi-110070"
70,"HRIDI INTERNATIONAL LIMITED5/FL.,BLK 33,555 VICTORIA ROAD,,BAGUIO VILLA,POK FU LAM,, HONG KONG, HONG KONG-852"
71,"MAITRI KNITWEAR,VILLAGE KHAWAJKE,OPP GURUDWARA KHWAJKE,NEAR PSEB RAHON ROAD,HADBAST NO 65 TEH AND DISTT LUDHIANA PUNJAB 141008"
72,"Triangle Apparels 6, No. 25/26, Industrial, Suburb Yeshwanthpur, 560022 Bangalore, India"
73,"INZEX TEXTILE PRIVATE LIMITED, C-82, Block C, Sector 88, Noida,, Gautam buddha nagar, Uttar pradesh, 201304"
74,"Triangle Apparels 6, No. 25/26, Industrial, Suburb Yeshwanthpur, Karnataka, 560022 Bangalore, India"
75,"GURKIRPA LIFESTYLE COMPANY, Plot No 18, Sector 27C, Faridabad, Haryana-121003"
76,"BEAR HOUSE CLOTHING PVT LTD 31/161 Preethy Nagar, Near Lifeline Hospital, Laggere, Bengaluru, Karnataka, 560058"
77,"VOXATI, 270/88/4-5, Kupendra Reddy Layout, Singasandra, Bengaluru, Karnataka, Pin-560068"
78,"NK ENTERPRISES A415, Road Number 4 ,Gali Nuumber 10, Near by Hotel Royal inn Mahipalpur New Delhi, Delhi-110037"
79,"Arvind Lifestyle Brands Ltd., 8th Floor, Duparc Trinity, FM Cariappa Colony, Shivaji Nagar, 17, Mahatma Gandhi Rd, Ashok Nagar, Bengaluru, Karnataka 560001"
80,"A.R.ENTERPRISES, C-45 Lakhi Ram Park,New Delhi-110086"
81,"Reset Collection, A-103, SLF VED VIHAR, LONI, GHAZIABAD, UP-201102"
82,"STAR TRADING COMPANY, 37 Rajpur road Civil Lines Modi house A/1 Delhi, New delhi, Delhi, 110054"
83,"V-Mart Retail Ltd, Plot No.862, Sector 19, Phase V, Udyog Vihar, Industrial Area, Gurugram, Haryana 122016"
84,"LORENZINI APPARELS LIMITED, C-64, PHASE 1, OKHLA, NEW DELHI, 110020"
85,"RADHAMANI TEXTILES PVT. LTD. NO. 27, VTMS ARCADE, YELENKUNTE, MANGAMMANAPALYA, Hosur main Road, Bengaluru-560068, Karnataka- India"
86,"bgn apparels,676 phase 2 sector-37 gurgaon,122002,9953353985"
87,"INDIAN CONNECTION,C-58 LB, Lajpat Nagar-II,,NEWDELHI,DELHI,110024"
88,"Vastramay Pvt. Ltd. 59A, Matheswar Tala Road, Opposite Kim Ling Restaurant, Scooter Gali, China Town Kolkata 700046"
89,"VASTRAMAY PRIVATE LIMITED, GSTIN 19AAHCV9775D1ZP, 59A, MATHESWAR TOLA ROAD, kolkata, Kolkata, West Bengal, 700046"
90,"INDIAN CONNECTION, A-92,II FLOOR, Delhi, Delhi, 110052"
91,"BG. ENTERPRISES, ST NO.3, Ludhiana, Punjab, 141008"
92,"ARVIND LIMITED, C/o Yusen Logistics India Pvt Ltd, Sy No 66, Minnapura Village, Thyamagondlu Hobili, Nelamangala Taluk, Bengaluru (Bangalore) Rural, Karnataka, 562123, Bengaluru, Karnataka, 562123"
93,"Shree Logistic Services Mill View Road, Himmat Nagar, Saharanpur Uttar Pradesh India 247001"
94,"Arvind Limited, Arvind Limited, Kalol, Gujarat, 382721"
95,"B-3 Sector 68, Undefined"
96,"Dennison India G-1, Tulsi vihar apartment MadhavGanj,Bada,Lashkar, Gwalior(M.P.) 474002"
97,"MR BUTTON PVT LTD, C-64, OKHLA INDUSTRIAL AREA PHASE-I, NEW DELHI-110020"
98,"Tahvo Designs & Productions, Plot No. 519, Sector 31, Gurgaon , 122001"
99,"Vastramay 59A, Matheswar Tala Road, Opposite Kim Ling Restaurant, Scooter Gali, China Town Kolkata 700046"
100,ANIRUDH ENTERPRISES-IX5310 Ahata Karam Chand Old Seelampur Gandhi Nagar Delhi-110031
101,"Rudraksh Apparel Pvt Ltd, Plot No 8, 2Nd Floor,Kakrola Housing Complex,Old Palam Road. New Delhi 110086"
102,"TURTLE LIMITED, Lemon Fresh, Block-2, 3rd Floor, 29/1 Kalabagan Lane, Howrah-711104, WB, India. Mail-support@turtleonline.in"
103,"Katela Creation, 1/39, First Floor, Mangalam RIICO Indistrial Area, Sirsi Road, Jaipur - 302034"
104,"501, Shree Vidyasagar Apparels Pvt Ltd, 5th floor, opp Bhoomi Plaza, B S Road, Ghoke road, Dadar West , Mumbai-400028"
105,"SILVER SPARK APPAREL - PRESTIGE STAR-1,2ND &3RD FLOOR, MAJOR SANDEEP UNNIKRISHNAN ROAD, NEAR MOT YELAHANKA NEW TOWN, BANGALORE, 560064, INDIA"
106,UNITED EXIM PRIVATE LIMITEDB-3 SECTOR 68-Uttar pradesh-Noida-201301
107,"TAHVO DESIGNS AND PRODUCTIONS PVT. LTD. PLOT NO 519, SECTOR 31 GURGAON HARYANA 122003."
108,"NZ Seasonalwear PVT LTD. 196, Zeel Estate, OPP. Raj Rajeshwari Compound, Sonale Village, Kalyan-Bhiwandi Road, Bhiwandi - 421302"
109,"NZ SEASONALWEAR PVT LTD. 196, ZEEL ESTATE, OPP. RAJRAJESHWARI COMPOUND, SONALE VILLAGE, KALYAN - BHIWANDI ROAD, BHIWANDI - 421302"
110,Sam Apparels #21 16-D Main JC Nagar Geleyara Balaga Layout Kurubarahalli Bangalore-560086
111,"Green Apple Venture LLP, Building no E13, Gala no 109, Hari Har Corporation,Dapoda road, Mankoli Naka, Near Gajanan Petrol Pump,Bhiwandi -421302"
112,"Garg Store, WZ-80, Shastri Nagar, Delhi-110052, Email : gargstore8@gmail.com"
113,"Reoutlook, Swati Trinity, B215, 2nd Floor, Near Applewoods Township, SP Ring Road, Shela, Ahemdabad, Gujarat 380058"
114,"Sri Shankheshwara Novalty, 70, Narayana Mudali Street, Chennai-600079"
115,"Merhaki Food & NutritionGlobalBees Brands Pvt. Ltd.3rd and 4th Floor , 9/1, 9th Main, Sector 6, HSR, Bangalore, India - 560103"
116,"Green Apple Venture LLP, Building no E13, Gala no 109, Hari Har Corporation, Dapoda road, Mankoli Naka, Near Gajanan Petrol Pump, Bhiwandi -421302"
117,"Manufacturer : THE CLOWNFISH, Green Apple Venture LLP. (Contact No- +91-9167484284)"
118,"Shri Hari Om Industries,Plot no.133/134, Amrit Colony,Punj Peeran Road, Near Dairy Chowk,Haibowal Khurd, Ludhiana-141001"
119,"NZ SEASONALWEAR PVT LTD.196,ZEEL ESTATE,OPP.RAJRAJESHWARI COMPOUND,SONALE VILLAGE,KALYAN-BHIWANDI ROAD,BHIWANDI-421302"
120,"CAMISON, near Pili kothi, Rewa, Madhya Pradesh - 486001"
121,"Wildcraft India Limited , No. 15/16, 15th Cross, 100 Feet Road, 4th Phase JP Nagar Bangalore KA 560078"
122,"Knya Enterprise Pvt. Ltd. 401, Todi Building, Mathuradas Mill Compound, Lower Parel Mumbai 400013, MH, India"
123,"Aditya Birla Fashion and Retail,Khacharakanahalli Village,Survey No 32 & 33 Soukya Road (IOC Road)-560067,Hosakote Taluk, Bangalore,Karnataka,India"
124,"Mehta E-Retail India,17/2,1st floor,Central Market,Tilak Nagar,New Delhi,Delhi-110018,India,Ph-9953079291"
125,"TAHVO DESIGNS AND PRODUCTIONS PVT.LTD. PLOT NO. 519, SECTOR 31 GURGAON HARYANA 122001."
126,"UNITED EXIM PVT LTD,B-3, SEC-68,,NOIDA,UTTAR PRADESH,201301"
127,"BGN Apparels, p.no -676, sector-37 pace city 2, gurugram, Gurgaon, Haryana - 122001, 9953353985"
128,"TAHVO DESIGNS AND PRODUCTIONS PVT LTD, Plot No- 519, Sector-31, Gurgaon-122001, Haryana."
129,KRISHNA LABELS PVT. LTD. 162 UDYOG VIHAR PHASE-1- GURUGRAM HARYANA 122016
130,KRISHNA LABELS PVT. LTD. 162- UDYOG VIHAR PHASE-1- GURGAON 122001
131,"Kisah Apparels Private Limited, P-62 South Canal Road, Sector B, Third Lane, Metropolitan Housing society,Kolkata-700105, West Bengal"
132,"KRISHNA LABELS PVT. LTD.,162- UDYOG VIHAR PHASE-1-,GURGAON,HARYANA,122016"
133,"SHREE HARI FASHION House No-371, MD Hospital Basement VPO-Jamalpur GURGAON HARYANA 122503"
134,Krishna Labels Pvt. Ltd. 162 Udyog Vihar Phase-1- Gurugram Haryana 122016
135,"Vijit Retail Private Limited, Plot No-309, Udyog Vihar Phase-6, Sector-37, Gurugram-122001"
136,"39E Post Office Road,Shop No 5,Gorabajar, Dumdum Cantonment, KOLKATA - 700028"
137,"Productid-28932978:Indian Needle Private Limited-B-14 Industrial area near G.T.Karnal Road,Azadpur Delhi-110033;Productid-24535722:Indian Needle Pvt ltd,B-14 G.T Karnal Road Industrial Area,Near Telephone exchange,delhi-110033;"
138,"Productid-32031213:Indian Needle Pvt. Ltd..Add-B-14 Azadpur,Delhi-110033;Productid-32030585:Indian Needle Pvt. Ltd..Add-B-14 Azadpur,Delhi-110033;"
139,"KAAJ STUDIO LLP, Building no. 1, 1st Floor, Plot No. 3305, Road No. 33, Near Rajkamal Char Rasta, Surat, Gujarat, 394230"
140,"Productid-26313940:Indian Needle Pvt. Ltd..Add-B-14 Azadpur,Delhi-110033;Productid-26313864:Indian Needle Pvt. Ltd..Add-B-14 Azadpur,Delhi-110033;"
141,"Productid-26313940:Indian Needle Pvt. Ltd..Add-B-14 Azadpur,Delhi-110033;Productid-31786685:Indian Needle Pvt. Ltd..Add-B-14 Azadpur,Delhi-110033;"
142,"Productid-25704780:Kisah Apparels Private Limited, P-62 South Canal Road, Sector B, Third Lane, Metropolitan Housing society,Kolkata-700105, West Bengal;Productid-22562658:Kisah Apparels Pvt Ltd, P-62 Sector B, Metropolitan Housing society, Cannal South roard, Kolkata-7000105, West Bengal;"
143,"Productid-32968007:Vastramay Pvt. Ltd. 59A, Matheswar Tala Road, Opposite Kim Ling Restaurant, Scooter Gali, China Town Kolkata 700046;Productid-32968009:Vastramay Pvt. Ltd. 59A, Matheswar Tala Road, Opposite Kim Ling Restaurant, Scooter Gali, China Town Kolkata 700046;"
144,"Productid-25704780:Kisah Apparels Private Limited, P-62 South Canal Road, Sector B, Third Lane, Metropolitan Housing society,Kolkata-700105, West Bengal;Productid-25704770:Kisah Apparels Private Limited, P-62 South Canal Road, Sector B, Third Lane, Metropolitan Housing society,Kolkata-700105, West Bengal;"
145,"Productid-30829264:Kisah Apparels Private Limited, P-62 South Canal Road, Sector B, Third Lane, Metropolitan Housing society,Kolkata-700105, West Bengal;Productid-32461762:Kisah Apparels Private Limited, P-62 South Canal Road, Sector B, Third Lane, Metropolitan Housing society,Kolkata-700105, West Bengal;"
146,"Productid-30829244:Kisah Apparels Private Limited, P-62 South Canal Road, Sector B, Third Lane, Metropolitan Housing society,Kolkata-700105, West Bengal;Productid-22703956:Kisah Apparels Pvt Ltd, P-62 Sector B, Metropolitan Housing society, Cannal South roard, Kolkata-7000105, West Bengal;"
147,"Productid-33260883:Vastramay Pvt. Ltd. 59A, Matheswar Tala Road, Opposite Kim Ling Restaurant, Scooter Gali, China Town Kolkata 700046;Productid-33260855:Vastramay Pvt. Ltd. 59A, Matheswar Tala Road, Opposite Kim Ling Restaurant, Scooter Gali, China Town Kolkata 700046;"
148,"Productid-25704780:Kisah Apparels Private Limited, P-62 South Canal Road, Sector B, Third Lane, Metropolitan Housing society,Kolkata-700105, West Bengal;Productid-17332406:Kisah Apparels, P-62 Sector B, Metropolitan Housing socity, Cannal South roard, Kolkata-7000105, West Bengal;"
149,"Productid-32262408:Kisah Apparels Private Limited, P-62 South Canal Road, Sector B, Third Lane, Metropolitan Housing society,Kolkata-700105, West Bengal;Productid-33105633:Kisah Apparels Private Limited, P-62 South Canal Road, Sector B, Third Lane, Metropolitan Housing society,Kolkata-700105, West Bengal;"
150,"Productid-29645844:Indian Needle Private Limited-B-14 Industrial area near G.T.Karnal Road,Azadpur Delhi-110033;Productid-29645846:Indian Needle Private Limited-B-14 Industrial area near G.T.Karnal Road,Azadpur Delhi-110033;"
151,"Productid-17027000:Indian Needle Pvt. Ltd. Add-B-14 Azadpur,Delhi-110033;Productid-28932978:Indian Needle Private Limited-B-14 Industrial area near G.T.Karnal Road,Azadpur Delhi-110033;"
152,"Productid-33260782:Vastramay Pvt. Ltd. 59A, Matheswar Tala Road, Opposite Kim Ling Restaurant, Scooter Gali, China Town Kolkata 700046;Productid-33260906:Vastramay Pvt. Ltd. 59A, Matheswar Tala Road, Opposite Kim Ling Restaurant, Scooter Gali, China Town Kolkata 700046;"
153,"Productid-28310654:Vastramay Pvt. Ltd. 59A, Matheswar Tala Road, Opposite Kim Ling Restaurant, Scooter Gali, China Town Kolkata 700046;Productid-28310652:Vastramay Pvt. Ltd. 59A, Matheswar Tala Road, Opposite Kim Ling Restaurant, Scooter Gali, China Town Kolkata 700046;"
154,"Indian Needle Private Limited-B-14 Industrial area near G.T.Karnal Road,Azadpur Delhi-110033"
155,"See Designs, D-57, Sector 7, Noida UP 201301"
156,"Indian Needle Pvt. Ltd..Add-B-14 Azadpur,Delhi-110033"
157,"SUNSHINE INTERNATIONAL,PLOT NO-17/18, 1ST FLOOT,BHESTAN,Surat,GUJARAT-395023"
158,"Indian Needle Pvt ltd,B-14 G.T Karnal Road Industrial Area,Near Telephone exchange,delhi-110033"
159,"Mokksha Designs, Old No:169,New No:101,SIDCO Plot North ,7Th street,Pattravakkam,Ambattur,600098"
160,"Pawan Kumar, house no. 22-c, virat nagar, model-town, Panipat, Haryana, pincode:-132103, company name :-shagun enterprises."
161,"SIXTH SENSE - SJIT,No 12, ,Laggere Main Road,RAJIV GHANDHI NAGAR, Near Anjaneya temple,KARNATAKA 560058"
162,"Kisah Apparels Private Limited, P-62 South Canal Road, Sector B, Third Lane, Metropolitian Housing society,Kolkata-700105, West Bengal"
163,"See Designs Lifestyle Private Limited, A 184, 2nd Floor, Sector 63, Noida UP 201301"
164,"Name: Shri Ram Enterprises. Address: T-2/156, Mangolpuri Industrial Area, Phase 1, Delhi: 110083"
165,"MAAHII FABRICS PRIVATE LIMITED 111, West Chowbaga, Panchanogram, Kolkata, West Bengal 700105"
166,"Sunshine International PLOT NO :18,GORJIWALA INDUSTRIAL ESTATEOPP. CHURCH,NEAR SAFARI COMPLEXBHESTAN CANAL,BHESTAN SURAT-395023"
167,"Well Tex, 4009/4th Floor, New Sardar Traders Market (NSTM), Puna Kumbhariya Road, Near Sardar Market (APMC), SURAT, 395010."
168,"Syonn Fashion, 17 Park Lane, 3rd Floor, Kolkata - 700064."
169,"Sanwara Fashions, C107, Paridhan Garments Park, 19, Canal South Road,, KOL-700015, India. E-support@sanwara.com; Contact : 033-2323-1070"
170,"Mokksha Designs,169, ,SIDCO Plot North, Ambattur Industrial Estate,Chennai,TAMILNADU-600098"
171,"Mangla Apparels India Private Limited, Plot No.118-E, Sec-56, Phase-V, Kundli, Sonipat, Haryana 131028"
172,"ASOPALAV CREATIONS PVT LTD, PLOT NO. A/2,, ROAD NO.1, UDHANA UDYOGNAGARUDHANASurat , GUJARAT - 394210"
173,"Omnipresent Lifestyle L.L.P Plot 411/412A C/o Shreeji Prints Pvt.Ltd, Pandesara G.I.D.C,Surat-394230"
174,"Lifestyle Int Pvt Ltd, 77 Degree Town Centre, Building No. 3, West Wing, Off HAL Airport Road, Yamlur, Bangalore - 560037"
175,"SUNSHINE LIFESTYLE ,PLOT -I 154,SACHIN GIDC,SURAT-395002"
176,"Productid-30918009:Vastramay Pvt. Ltd. 59A, Matheswar Tala Road, Opposite Kim Ling Restaurant, Scooter Gali, China Town Kolkata 700046;Productid-30918033:Vastramay Pvt. Ltd. 59A, Matheswar Tala Road, Opposite Kim Ling Restaurant, Scooter Gali, China Town Kolkata 700046;"
177,"Productid-25704780:Kisah Apparels Private Limited, P-62 South Canal Road, Sector B, Third Lane, Metropolitan Housing society,Kolkata-700105, West Bengal;Productid-21164350:Kisah Apparels Pvt ltd, P-62 Sector B, Metropolitan Housing society, Canal South road, Kolkata-7000105, West Bengal;"
178,"Productid-26313840:Indian Needle Pvt. Ltd..Add-B-14 Azadpur,Delhi-110033;Productid-24802712:Indian Needle Pvt ltd,B-14 G.T Karnal Road Industrial Area,Near Telephone exchange,delhi-110033;"
179,"Productid-29914403:Indian Needle Private Limited-B-14 Industrial area near G.T.Karnal Road,Azadpur Delhi-110033;Productid-29914428:Indian Needle Private Limited-B-14 Industrial area near G.T.Karnal Road,Azadpur Delhi-110033;"
180,"Productid-15584452:Kisah Apparels Private Limited,P62 Canal South Road, Sector B, Kolkata 700105;Productid-29945227:Kisah Apparels Private Limited, P-62 South Canal Road, Sector B, Third Lane, Metropolitan Housing society,Kolkata-700105, West Bengal;"
181,"Productid-31894944:Indian Needle Pvt ltd,B-14 Industrial Area ,G.T Karnal Road Azadpur ,Delhi-110033;Productid-31894973:Indian Needle Pvt ltd,B-14 Industrial Area ,G.T Karnal Road Azadpur ,Delhi-110033;"
182,"Productid-32262408:Kisah Apparels Private Limited, P-62 South Canal Road, Sector B, Third Lane, Metropolitan Housing society,Kolkata-700105, West Bengal;Productid-6419976:Kisah Apparels Private Limited,P62 Canal South Road, Sector B, Kolkata 700105;"
183,"Productid-31894963:Indian Needle Pvt ltd,B-14 Industrial Area ,G.T Karnal Road Azadpur ,Delhi-110033;Productid-31894944:Indian Needle Pvt ltd,B-14 Industrial Area ,G.T Karnal Road Azadpur ,Delhi-110033;"
184,"Productid-32148900:Vastramay Pvt. Ltd. 59A, Matheswar Tala Road, Opposite Kim Ling Restaurant, Scooter Gali, China Town Kolkata 700046;Productid-32148897:Vastramay Pvt. Ltd. 59A, Matheswar Tala Road, Opposite Kim Ling Restaurant, Scooter Gali, China Town Kolkata 700046;"
185,"Productid-29945227:Kisah Apparels Private Limited, P-62 South Canal Road, Sector B, Third Lane, Metropolitan Housing society,Kolkata-700105, West Bengal;Productid-25704770:Kisah Apparels Private Limited, P-62 South Canal Road, Sector B, Third Lane, Metropolitan Housing society,Kolkata-700105, West Bengal;"
186,"One Million Clothing. Unit ""O"" Second floor swadeshi market mumbai - 400002."
187,"Jk Clothing Pvt. Ltd 9/C, Godown NO.1 Vora Compound Near Parel Cotton Press Factory Elphistone Bridge Parel(E) Mumbai-400012"
188,"ADITYA GLOBAL INC Plot No. 20, Block-C, Industrial Area, Phase 1,Mangol Puri, New Delhi, North West Delhi, Delhi, 110083Delhi, 110033, India"
189,"Cot'N Soft Fashion & Retail, 1872, Near By Pass Road, Faridabad, 121008"
190,"United Textile Mills Pvt Ltd,B-501 to 506, Dhanashree Heights, Off. Veera Desai Road, Azad Nagar, Andheri - (W). Mumbai - 400053"
191,"CHANEL FOR FASHION PRIVATE LIMITED,PLOT NO H1-78, RICCO INDUSTRIAL AREA MANSAROVAR JAIPUR RAJASTHAN 302020"
192,"United Textile Mills Pvt Ltd B-501 to 506, Dhanashree Heights, Off. Veera Desai Road, Azad Nagar, Andheri - (W). Mumbai - 400053"
193,"Sixth Sense, No 4 And 4 A, Survey No 80, Near Laggere Bridge, Outer Ring Road, Bangalore-58"
194,"United Textile Mills Pvt LtdB-501 to 506, Dhanashree Heights, Off. Veera Desai Road, Azad Nagar, Andheri - (W). Mumbai - 400053"
195,"BATRA COLONYJ K BAL VIDHYA MANDIRPanipat , HARYANA - 132103"
196,"AMZIRA, B-78 Kamal Park Society, Near Gujarat Mobile, Kapodara,Surat 395006"
197,"bindal inc.,676 phase2 scetor-37 gurgaon 122001,9953353985"
198,"BGN APPARELS,676 PHASE 2 SECTOR-37 GURGAON 122002,9953353985"
199,Xepon 28-29 R.K Industries Kapodra Surat -395006
200,"Arshia Fashions, Niti Khand -1, Indirapuram, Ghaziabad, U.P. - 201014"
201,"JBN Creation, 59A, Matheswar Tala Road, Opposite Kim Ling Restaurant, Scooter Gali, China Town Kolkata 700046"
202,"Utsav Fashion Pvt. Ltd D 112, Phase1, OkhlaNew Delhi - 110020, India"
203,"ARGORI TARAFDER PARA , JUMMA MASJID ,OPPOSITE SEVAYAN NURSING HOME ON ANDUL ROAD ,MADRASHA ROAD ,India,711302"
204,"KiariB-149, Sector-6 Noida 201301,Uttar Pradesh"
205,"Arangers Retail India Pvt Ltd, IX/182, Geeta Colony, Near Pusta Road, Delhi, 110031"
206,"Vedant Fashions Limited. Paridhan Garment Park, SDF Building, Block A, Kolkata 700015"
207,"Muskan Fashion, Gandhi Nagar Delhi 110031"
208,"Puneet Apparels Pvt. Ltd., 145-147, Readymade Complex, Pardeshipura, Indore (M.P) 452010"
209,"Vastraa Fusion Enterprises, Sec 23 Dwarka, New Delhi 110077; vastraafusion@gmail.com; 8800092937"
210,"ASPRIYA FASHION PRIVATE LIMITED G1-31, APPAREL PARK, RIICO INDUSTRIAL AREA, MAHAL ROAD JAGATPURA JAIPUR RAJASTHAN INDIA -302025"
211,"HK TEXFAB PRIVATE LIMITED, E-207 PHASE IV, FOCAL POINT, LUDHIANA, PUNJAB - 141010"
212,"Latest Chikan Garments - 602/1840 Awadh Enclave Colony - Dubagga, Lucknow - 226003"
213,"Name: Shri Ram Enterprises. Address: T-2/156, Mangolpuri Industrial Area, Phase: 1, Delhi: 110083"
214,"Aditya Global Inc, A-80/1, G.T. KARNAL ROAD, New Delhi-110033"
215,"Name: Daulat Ram Om Prakash. Address: 1127, Kucha Natwa, Chandni Chowk: 110006"
216,"Badoliya & Sons, Shop No 323/2, Basement, Hari Nagar Ashram, New Delhi PIN:110014"
217,"FABINDIA LIMITED.Plot No. 10, Local Shopping Complex, Sector B, Pocket- 7, Vasant Kunj, New Delhi- 110070"
218,"Reset Collection, A-103, SLF VED VIHAR, LONI, GHAZIABAD, UP-201103"
219,"Kidashion Enterprises, A-103, SLF VED Vihar, Loni, Ghaziabad, UP-201102, India"
220,"FABINDIA LIMITED. Plot No. 10, Local Shopping Complex, Sector B, Pocket- 7, Vasant Kunj, New Delhi- 110070"
221,"Shree Varahi Export GANESH MAWATI KI DHANI, SANGANER, SANGANER,JAIPUR 302029"
222,"GEE IMPEX,PLOT NO-3716, ROAD No. 37, GIDC, SACHIN, INA, SURAT, GUJARAT, 394230,"
223,"37-38, Polariss Mall, Near Bhaiya Nagar B.R.T.S JUNCTION, PUNAGAM, SURAT - 395010"
224,"Ambraee Enterprises, B-8, 2nd Floor, Kartarpura, Industrial Area, Sharma Colony,BaisGodam, Jaipur, Rajasthan-302006"
225,"1ST FLOOR, OFFICE NO - 02, MAYA GARDEN GALLERIA, ZIRAKPUR, PUNJAB, 140603, INDIA"
226,"Zenzior Brand Technology Private Limited, B-4038, Ashirwad Textile Market,Magob, Surat-395010"
227,"Nouvio Lifestyle Private Limited,Plot No. 28-29,1st Floor, Kesar Nagar A, Muhana Mandi Road,Jaipur,Rajasthan-302020"
228,"Bunaai white official pvt limited, 3RD FLOOR, B 29-30, B 39-40, 22 GODAM CIR, INDUSTRIAL AREA, HAWA SADAK, SHARMA COLONY, ASHOK NAGAR, JAIPUR, RAJASTHAN 302001"
229,"GoSriKi, Plot T01-T06, Laxminarayan Industrail Estate BRC Compound, Oppo Daksheshwar Mahadev Temple, Udhana, Surat, Gujarat 394210"
230,"Khushal K, Y-240, Mahaveer Nagar, Sanganer, Jaipur Rajasthan-302029-IN, Contact- bhagwatifashions9@gmail.com, 9269400009"
231,"First Floor,17,18,19,Shiv Aashish Industries,Chosath Jogni Mata Mandir To South Zone Road, Opp- Jay Vijay, Near Chosath Jogni Mata Mandir,U.M.Road, Udhna, Surat-395001"
232,"PANKAJ TEXTILES PLOT NO Y 246-B, LS-20 MALL, FIRST FLOOR, MAHAVEER NAGAR - Y, SANGANER, JAIPUR, Jaipur, Rajasthan, 302029"
233,"Gopinath Textile , Road No. 65A, 6502/02, Sachin GIDC, Sachin, Surat, Surat,Gujarat, 394230"
234,"Utsav Fashion Pvt. Ltd D 112, Phase1, Okhla New Delhi - 110020, India"
235,"Tirupati Creations,Khatiko Ki Dhaal, Sanganer, Jaipur-302029"
236,"Harshana Carfts , Ruchi Aggarwal , B 29/108 , Mohalla Purani Tehsil , Bazaar Bansa wala Phagwara -144401"
237,"SY. NO.-135, PLOT - 81 TO 84, 2ND FLOOR, AKSHAY IND. ESTATE, OLD GIDC, DUDHWALA COMPOUND, KATARGAM, SURAT-395004"
238,"IMROZ HOUSE ,36,nemi nagar,shri ram marg, gandhi path,vaishali nagar, jaipur rajasthan.302021"
239,"Patiala House,B-4029,RRTM Building Behind Bharat Cancer Hospital,Saroli-Surat-395010"
240,"SURASHAS PLOT NO A26 A27 A28 A29, TIRUPATI VIHAR, GOKHALYAWAS, MANSAROVAR, NEAR BABA PARADISE, 302020"
241,"GOURIWALA TEXTILES PRIVATE LIMITED,G-190, RIICO INDUSTRIAL AREA SITAPURA JAIPUR RAJASTHAN,302022"
242,"ZIVORE APPAREL PRIVATE LIMITED B-5,SECTOR 85 Noida,Gautam Buddha Nagar, Uttar Pradesh, 201301"
243,"BLACK SCISSOR PLOT NO.18,, 1st FLOOR, NAND INDUSTRIAL.CO.OP.SOCIETY,NEAR PARMANAND BUS STAND, KHATODARA, UDHANASurat , GUJARAT - 395017"
244,"Kvsfab,B-4029,RRTM Building Behind Bharat Cancer Hospital,Saroli-Surat-395010 / Contact us :-9662184407"
245,"Oequal Fashion,PLOT NO.S-57 TO S-60, SHREE LAXMINARAYAN INDUSTRIAL PARK, OPP. DAXESHWAR MAHADEV TEMPLE, UDHNA BHESTAN ROAD, UDHNA, SURAT-394210,"
246,"243, MAHAVIR NAGAR-Y, 80 FIT ROAD SANGANER, Jaipur, Rajasthan, 302029"
247,"Vaniya Enterprise, 202, Sangini Textile HUB-B, Surat-395017"
248,"H S STUDIO LLP C-208A FIRST FLOOR, NIRMAN NAGAR, OPP. SHYAM NAGAR POLICE STATION, JAIPUR, RAJASTHAN 302019"
249,"DRISTI CREATION B-51, New Sachivalya Vihar, Ricco Kanta,Mansarovar, JAIPUR, Rajasthan, 302020"
250,"Block T 01-06, Road 2Laxminarayan Industrial Estate, Udhna-394210.Surat"
251,"Punagam, Surat, Gujarat, India - 395010"
252,"36/37, parsvnath narayan city, b-block, near muhana mandi, sanganer, jaipur 302029"
253,ZIVORE APPAREL PRIVATE LIMITED1st Floor Sector 83 Phase-2 Noida U.P-201305
254,Libas impex B-19 sector-83 phase-2 noida-201305
255,"H & S STUDIO LLP C-208A FIRST FLOOR, NIRMAN NAGAR, OPP. SHYAM NAGAR POLICE STATION, JAIPUR, RAJASTHAN 302019"
256,"KALINI , Block T 01-06, Road 2,Laxminarayan Industrial Estate, Udhna-394210.Surat"
257,"KESHVI FASHION LLP,SHOP NO 7036, ASHIRWAD TEXTILE MARKET, KODODARA ROAD,MAGOB,SURAT,GUJRAT-394327"
258,"BHARODIYA ENTERPRISES ,38, GAURAVPARK SOCIETY, NEAR DHANLAXMI SOCIETY NANA VARACHHA, SURAT, Surat, Gujarat, 395006,"
259,"JAIPUR MAJESTIC CREATION 36/37 PARSVNATH NARAYAN CITY, B-BLOCK, NEAR MUHANA MANDI, SANGANER, JAIPUR 302029"
260,"Stylum Mart Private Limited, First Floor,Plot No. 26C,Behind JK Tyre Showroom,Diggi Malpura Road,Sanganer,Jaipur, Rajasthan, 302029"
261,"Deepam, First Floor,Plot No.26B,26C,Behind JK Tyre Showroom,Diggi Malpura Road,Sanganer,Jaipur,Rajasthan, 302029"
262,"Threadbucket Studio LLP Plot No A-15/4, Besides Sai Baba Temple, Road No.8, Udhna Udhyog Nagar, Udhna, Surat-Gujarat - 394210"
263,"HP Fab Tex Pvt. Ltd.Plot No. 504, Sachin GIDC, Surat, Gujarat -394230"
264,"Threadbucket Studio LLP Plot No A15/4, Besides Sai Baba Temple, Road No.8, Udhna Udhyog Nagar, Udhna, Surat-Gujarat - 394210"
265,"NYX APPARELS, 157 KHIRKI VILLAGE, MALVIYA NAGAR NEW DELHI, DELHI-110017"
266,"QOMN Apparels, 4th Floor Manglam Plaza RIICO industrial Area Mansarovar Jaipur-302020"
267,"Bhumi E Retail Pvt ltd, F-255-A, 1st floor, RIICO Industrial Area, MANSAROVAR, JAIPUR, Rajasthan, 302020, 01414034952"
268,"Aditya Birla Fashion & Retail Ltd, Pantaloons, Piramal Agastya Corporate Park, Building A, 4th & 5th Floor, Unit No. 401, 403, 501, 502, L.B.S. Road, Kurla, Mumbai 400070"
269,"Falcon Apparels, Plot in KH No. 37/19,20,22, MIN Ground Floor, Kapashera, New Delhi–110037"
270,"Jay bharat Overseas Pvt Ltd, BASEMENT, SHOP NO 22 TO 44, RUSHABH TEXTILE TOWER,BH SURAT TEXTILE MARKET RING ROAD,395002,Surat ,GJ,"
271,"Eternal Clothing Line B 27, 28, 29 Central Park GIDC Pandesara Surat - 394221Surat , Gujarat - 394221"
272,"Dheera fashion Lifestyle, H-143, Mansarover, RIICO Industrial Area, Jaipur, Jaipur, Rajasthan,302020302020"
273,"Taraasha Creations Pvt. Ltd.: A-96, Second Floor, MB Road, Saidulahjab, New Delhi - 110030"
274,"Kavita Women Wear Private Limited,B-27,Sector-85,Noida U.P - 201305, Contact Us 9319995373"
275,"Ahalyaa711, 2nd Floor, Road No.7, opp. Armaan Mill, Sachin GIDC, Sachin - 394230"
276,"Manufacturer Name - Thread bucket Studio LLP ,Manufacturer Add - Plot No A-15/4,Beside Sai Baba Mandir,Road No.8,Udhna Udhyog Nagar,Udhna,Surat-394210"
277,"Dyuti Creations Pvt.Ltd., H-143, Mansarover, RIICO Industrial Area, Jaipur, Jaipur, Rajasthan,302020"
278,"DIVYANK FASHION, G-1-335, Frist Floor, Behind Amol Pharmaceuticals Sitapura Industrial Area, Jaipur, Rajasthan-302022"
279,"Aravalii Ecommerce India Private Limited,380/4,100 feet road, Ghitorni, Delhi-110030"
280,"Mokksha Designs, Old No:169, New No:101, SIDCO Plot North, 7th Street, Pattravakkam, Ambattur-600098"
281,"Kavita Women Wear Private Limited,B-27,Sector-85,Noida U.P - 201305"
282,"Sunidhi Lifestyle (Plot No-509-510,2nd Floor, Saini Market, Behind H Block,Palam Vihar,Gurgaon,Haryana-122017)"
283,"Brand Studio Lifestyle Pvt Ltd Sy#330/B,324,331,331/B,331 1& 334/1Marasur Village Kasaba Hobli Anekal Taluk Bangalore 562106"
284,"SHREE BALAJI FASHIONS, B39, AKURLI INDUSTRIAL ESTATE, AKURLI ROAD, KANDIVALI EAST, MUMBAI - 400101, 9029004597"
285,"EGNK HOME & DESIGNS,137, padmawati colony - B, New sanganer road, jaipur, Jaipur,Rajasthan- 302019,"
286,"V B Exports, 7005, Hi-tech Textile Centre (HTC Market) Location:- Mithi Khadi Rd, Anjana,Gujarat, SURAT - 395002"
287,"SOCH APPARELS PRIVATE LIMITED, No 14, Bachammal Road, CoxTown, Bengaluru (Bangalore) Urban, Karnataka, 560005"
288,"FERANOID, S-3B, KARTARPURA INDUSTRIAL ARE, 22 GODOWN, JAIPUR, RAJASTHAN, 302006"
289,"Fable Label,2nd Floor, Plot No.171/1, Pandesara GIDC, Surat, Gujarat (394221)"
290,"JanakDulari Creation, 17 Paliwal Garden, Khadi Gramodhyog Road, Behind Salim Paper, Sanganer, Jaipur 302029 Raj."
291,"CANTABIL RETAIL INDIA LIMITED, B-16 Lawrence Road, Industrial Area,New Delhi 110035"
292,"Jevi Prints, Gala No. 110/111, Jogani Ind. Estate, Chunabhatti, Mumbai - 400022"
293,"SXV STYLE,gokuldham society, plot no.21,22, variyav road, opp. Ashram Road, near exxoniic mall, Jahangir Pura, Surat, Gujarat 395005"
294,ROXY INTERNATIONAL PLOT NO 22-23 DADU NAGAR SANAGNER 3020229
295,"Plot no-19, vrunda embropark,surat-395006"
296,"M/S JO & JEN ENTERPRISES, 78-KRISHNA NAGAR, KALYANPURA, SANGANER, JAIPUR,-302020"
297,"Keshubaba Ventures, Poonam Heights, S V Road, Goregaon West, Mumbai - 400104"
298,"Plot no-19, vrunda embropark,Surat-395006"
299,"Jaypee Spintex Pvt Ltd, C-79, Sector-8, Noida (U.P)-201301"
300,Swastik Corporation 23 Sunny Nagar Pratap Nagar Jaipur Rajasthan-302033
301,"Lower Ground Floor 1143, Rustomjee Eaze Zone Mall Sunder Nagar, Malad West Mumbai, Maharashtra 400064 India"
302,"Saree Swarg, 78-79, 1st Floor, Meghdhara Market, A Wing, 1402 Anjur Phata, Bhiwandi - 421302"
303,"FERANOID, S-3(B), KARTARPURA INDUSTRIAL AREA, 22GODOWN, JAIPUR RAJASTHAN-302006"
304,Kavita women wear Pvt Ltd B-27.Sector-85 Noida U.P-201305
305,"D W APPARELS, U-18, Laxminarayan Industries Opp.Deksheshwar Mandir Brc Compound Udhana Surat (Gujrat)-394210"
306,"B S Fashion- 46 Saini Colony Sanganer,Jaipur-302029"
307,"RKM INTERNATIONAL LLP AND G-113, RIICO INDUSTRIAL AREA, MANSAROVAR, JAIPUR, 302020"
308,"M.K.Tailoring House, G-1/91, Sitapura Industrial Area, Jaipur-302022. +919261263628"
309,"Divyank Fashion Pvt.Ltd. G-1-335, Frist Floor, Behind Amol Pharmaceuticals Sitapura Industrial Area, Jaipur, Rajasthan-302022"
310,"Cheshtaa Apparels India Pvt Ltd Plot no 78, Bijwasan Rd, near Sarovar Portico Hotel, Kapas Hera Extension, Kapas Hera, New Delhi, Delhi 110037"
311,"SOCH APPARELS PVT LTD, 14, Bachammal Rd, Pulikeshi Nagar, Bengaluru, Karnataka 560005"
312,"SkyLand Creation, Salasar Textile Market, Shop No 4053 to 4055, Shop No. 4072 to 4075, 4th Floor, Surat, Gujarat 395010"
313,"NETWORK CLOTHING COMPANY PRIVATE LIMITED,S.F.NO.328, Vinayagar Kovil Street, Uthukuli Main Road, Palayakkadu, Tirupur - 641607"
314,"Indicut Lifestyle LLP,Plot No. A1/17, Road No. 10, Hojiwala Industries, Village Bhatia, Surat, Gujarat. Pincode-394230"
315,"Studio Shringaar Private Limited Gala No.205, 2nd Floor, Sun Industrial Estate Premises, Sun Mill Compound, Lower Parel (W), Mumbai - 400013."
316,"Brand Baaja Bride LLP: Shop 102-103-104 Vardan Textile Market, Parvat Patiya, Surat-395010"
317,"United Textile Mills Pvt LtdB-501 to 506, Dhanashree Heights, Off. Veera Desai Road, Azad Nagar, Andheri - (W). Mumbai - 400 053"
318,"Samhitas Apparel Kodichikkanahalli Main Rd, Seenappa Layout, Bommanahalli, Bengaluru, Karnataka 560076"
319,"Retail Boost, B25, Laxminarayan Industrial Estate, Udhna - 394210"
320,"SANSKRUTI EXPORTS,H1 -320, Riico Industrial Area,Jaipur , Rajasthan - 302022"
321,"In Time Garments Private Limited, Plot No. 630, SECTOR -69, IMT Faridabad, Haryana 121004"
322,"Step by Step Creations, 52A/9, Kishangarh, New Delhi - 110070"
323,"Patiala House,B-4029,RRTM Building Behind Bharat Cancer Hospital,Saroli-Surat-395010 / Contact us :-9512700422"
324,"Go Fashion (India) Limited, 5th Floor, 4, Sathak Center, Nungambakkam High Road, Chennai, Tamil Nadu - 600034"
325,"Amitto, A-10,3rd floor, Gujrawala town, Delhi-110009"
326,"Go Fashion India Private Limited, 8/626, A V P Layout , Angeripalayam Main Road, Tiruppur - 641603"
327,"NETWORK CLOTHING COMPANY PRIVATE LIMITED, No 2/641 NCC House, Mangalam Road, Andipalayam, Tiruppur - 641687"
328,"Laado Creations, F-12/25, Krishna Nagar, Delhi - 110051"
329,Neel fab & fashion 10 Vardhman colony sanganer jaipur 302029
330,"Lifestyle Int Pvt Ltd, 77 Degree Town Centre, Building No. 3, West Wing, Off HAL Airport Road, Yamlur, Bangalore-560037"
331,"KANAV APPARELS,1429/1A/1, GEHLEWAL MAIN ROAD , VILLAGE GEHLEWAL , RAHON ROAD , LUDHIANA, 141007,Punjab"
332,"Go Fashion India Private Limited, 4, 5th Floor, Sathak Center, Chennai - 600034"
333,"Soch Apparels Pvt Limited, Address: 14, Bachammal Rd, Pulikeshi Nagar, Bengaluru, Karnataka 560005"
334,"Go Fashion (India) Limited, 43/20, Nungambakkam High Road, Chennai, Tamil Nadu - 600034"
335,"Castle,177 Sant Nagar East Of Kailash,New Delhi-110065"
336,"Go Fashion India Limited, 4, 5th Floor, Sathak Center, Chennai - 600034"
337,Shivay Creations 11 V V Sec-9 Rohini Delhi-110085
338,Miaz lifestyle G-53 B kalkaji New Delhi-110019
339,"Global eTree ServicesPvt. Ltd., 177, Sant Nagar, East of Kailash, New Delhi - 110065"
340,"Shine N Sober, C-170, Basement, Dayanand Colony, Lajpat Nagar - 4, New Delhi-110024"
341,"Clora Creation, C-170, Basement, Dayanand Colony, Lajpat Nagar - 4, New Delhi-110024"
342,"Trendmalls Industries Private Limited, GODOWN-90, MIL. NO.-861, Ambika Industrial Estate, Poona Kumhariya Road, Saroli, Surat-395010. Customer Care No: +91 8264546547"
343,"LetsDressUp Fashion Private Limited, 220, Ocus Quantum, Sector 51, Gurgaon, Haryana- 122018"
344,"F-12/25, Krishna Nagar, Delhi - 110051"
345,"Go Fashion India Private Limited, 4, 5th Floor, Sathak Center, Nungambakkam High Road, Chennai - 600034"
346,"E-1007,Epip Phase III, Riico Industrial Area, Behind poornima College, Sitapura Jaipur-302022"
347,"TAHVO DESIGNS AND PRODUCTIONS PRIVATE LIMITED , PLOT NO 519, SECTOR 31, GURGAON - 122001"
348,"Dhruv Global Ltd. 14th Milestone, Mathura Road, Faridabad, 121003"
349,"Goodwill Impex Limited G-1,95-96,Sitapura Industrial Area, Sanganer,Jaipur-302022"
350,"OTABU ,SAROLI SURAT -395010"
351,"Fablestreet Lifestyle Solutions Pvt Ltd, Plot 362, Phase II, Udyog vihar, Gurugram - 122016"
352,"OTABU, SAROLI SURAT-395010"
353,"CHERUB FASHION PRIVATE LIMITED - A-4/S, SECTOR-80, G.B NAGARNoida , UTTAR PRADESH - 201301"
354,"OTABU B-28/29 SUBHAM INDUSTRY , Near Vihatmata Mandir Saniya Hemad Village Saroli Surat Gujarat 395010."
355,"The Rainbow Tribe.Ta 108, Tuglakabad ext, New Delhi. 110019"
356,"Excel Textile, R-2/231, Raj Nagar, Ghaziabad, UP-201221"
357,"CHANDERKASH ENTERPRISES, A-2/21 Block-C, Rana Park Siraspur Delhi-110042"
358,"ADDYVERO, Gurgaon, Haryana-122001"
359,"Stupa fashion Khasra no-1143/2,3rd floor, Lal dora village,Rithala, new delhi-110085"
360,"Aman Exports International G-361, Sitapura Industrial Area, Jaipur-302022, Ph:9828045242"
361,"Clora Creation, C-170, Basement Dayanand Colony, Lajpat Nagar - 4, New Delhi-110024"
362,"Popnetic Fashions and D-355 ,Sector-10 Noida-201301"
363,"First Floor, 104, Vasan Udyog Bhavan, Senapati Bapat Marg, Lower Parel, Mumbai - 400013."
364,"Radhey Rama Landmark Private LimitedF-111, EPIP, Garment Zone ,RIICCO Industrial Area, GIT, India Gate Sitapura,, Jaipur, Rajasthan-302022Jaipur , Rajasthan - 302022"
365,"AMBRAEE, B-8 KARTARPURA, NEAR MAJDUR MAIDAN,BAIS GODOWN INDUSTRIAL AREA, JAIPUR,RAJASTHAN, 302006"
366,DAYA EXPO - Plot No -162 DLF Industrial Area Phase-1 Faridabad Haryana-121003
367,"Weave And Knits,Plot-151,Udyog Vihar Phase 6,Sec-37,Gurgaon,HR-122001"
368,"KRIDEV, 410, ASHISH INDUSTRIAL ESTATE, GOKHALE ROAD, DADAR - 400025"
369,Parmar Enterprise Katargam Surat Gujarat - 395010
370,Risingstars B77 Kaushambi Ghaziabad UP-201010
371,"Mala Merchant D-442, Sumel Business Park Safal, 4 Kalupur Bridge Amdupura, Saraspur Ahmedabad, Gujarat 380025"
372,"KARTIK FASHION,A-57,SECTOR -58.2ND FLOOR,NOIDA,UP-201301"
373,"Brijal Lad, 8, Shivashish Soc, B H Gangeshwar Temple, OPP. St. Mark School, Adajan, Surat, 395009"
374,"Jamie infotech, A-10, 3rd floor, Gujrawala town, Delhi-110009"
375,"MONARK CREATION INDIA, B-72, DR. AMBEDKAR COLONY, STREET NO. 9, 1st FLOOR, CHATTARPUR, NEW DELHI-110074"
376,"Falcon Apparels, Plot in KH No. 37/19,20,22, MIN Ground Floor, Kapashera, New Delhi110037"
377,"Galaxy Garments Pvt Ltd ,E-110,Sector -63,Gautam Buddha Nagar, Uttar Pardesh -201301"
378,"Broowl International 1st floor, khasra no. 25/10/2, Rishal Garden,Nangloi Delhi-110041"
379,"P Inspiration. 1st floor, Shree Kunj Apartment. 6 Alipore Avenue, Kolkata-700027"
380,"GENERATION, B-7/1 RANA PRATAP BAGH, DELHI-110007"
381,"Berrylush Designs Private LimitedB113, Sector 67, Noida, U.P.- 201301, India"
382,"Falcon Apparels, Plot in KH No. 37/19,20,22, MIN Ground Floor, Kapashera, New Delhi110038"
383,"GG Apparels,Ground Floor,Plot no 32,Sector 34,Gurugram,Haryana - 122001"
384,"Fablestreet Lifestyle Solutions Pvt Ltd, Plot 250, Phase I, Udyog Vihar, Gurgaon - 122016"
385,E 138 MATRUSHAKTI SOC PUNAGAM SURAT395010
386,"Cutiekins Private Limited ,2nd Floor ,A-25/1,Phase-1,Naraina Industrial Area,Delhi-110028"
387,"JOVK DESIGN, A-12 royal plazza nr patel park society bapa sitaram chowk,simada gam road,pin:-395006 surat,gujrat"
388,"143,first floor,pramukh park society,near bapa sitaram chowk,395006"
389,"143, first floor, pramukh park society, near bapa sitaram chowk, simada, surat, Gujrat 395006"
390,"SWARR, 1672, Brhamaputra Apartments, NOIDA, UTTAR PRADESH, 201303"
391,"Bhama Designs Private Limited, Plot No.-4, Small Scale, Co-op Industrial Estate, GT Karnal Road, Delhi-110034"
392,"FALCON APPARELS, khewat no.676/803, Mustil no. 93, kila no. 6/1/1, VPO Bhora kalan, Binola Industrial area, Pataudi, Manesar, Gurugram, Haryana, 122052"
393,Bhama Designs Private Limited First Floor A-31 Mohan Co-Operative Industrial Estate Pincode-110044
394,"A-31 Mohan Co-Operative Industrial Estate, 110044"
395,"PLOT NO-3,SHREEJI ESTATE,NEAR KALYAN NAGAR SOC,PUNA GAM T SILVER CHOWCK ROAD,SURAT-395010."
396,"LAXMI TRADING CORPORATION, Sankrail Industrial Park, Dhulagari, Howrah 711331"
397,"AMIRTHA FASHION, No: 275, Pycrofts Road, Triplicane, Chennai - 600005"
398,"92, LAXMIDHAM SOCIETY, PASODRA CHOKDI,KHOLVAD, KAMREJ, Surat, Gujarat, 394190"
399,"GORLYA - 217, Amazing Star, Nr. Mahavir Circle, Yogi Chowk, Surat, Gujarat - 395006"
400,"Pineapple Impex 35,Ambika Ind.,Opp. RKLP,Puna Saroli Road,Saoli,Surat-395010"
401,"Odette e-retail private limited. VV towers 3&4th floor opp shobha jasmine apartment, green glen layout, Bellandur, Bangalore-560103"
402,"CHANSI TRENDZ, 50,51, NARAYANNAGAR INDUSTRIAL ESTATE VIBHAG-2, NEAR DUMBHAL FIRE STATION, DUMBHAL, 395010"
403,"Chhabra Triple Five Fashions Pvt Ltd | Shop No. 555, Katra Asharfi, Chandni Chowk, Delhi-110006 | 9212651555"
404,"Svx Sports , A97 Sector 83 , Noida -201305"
405,"Adamya Knitwears 1690,Bandian mohalla,uchi galli,ludhiana 141008"
406,"Trade by us ,Khasra no.1143,1st floor,Rithala,Delhi-110085"
407,"THE DESIGN CELLARS,E-47/11, OKHLA INDUSTRIAL AREA,PHASE II, NEW DELHI 110020"
408,"Deepam, First Floor,Plot No.26C,26B,Behind JK Tyre Showroom,Diggi Malpura Road,Sanganer,Jaipur,Rajasthan, 302029"
409,"Radnik Exports D-201, NOIDA Sector-63 Gautam Budh Nagar Uttar Pradesh Gautam Budh Nagar, Uttar Pradesh-201301 India"
410,"Excel Textile, Khasra No. 502/2, Opp Plot no. 65, Khandsa Village, Sec-37, Gurgaon, Haryana, 122001"
411,"PREMIERE RETAIL TRADING PRIVATE LIMITED Khasra No 36/1,VPO Bamdoli Main bijwasan road Delhi 110077"
412,"WEDANI LIFESTYLE, 7012, RAJ TEXTILE WORLD, GODADARA ROAD, SURAT-395010"
413,"HARPA RETAIL PRIVATE LIMITED, 45-48, 1st Floor, DSIDC Sheds, Okhla Ind. Area, Phase II, SchemeIII, New Delhi 110020"
414,"PURVAJA, 604, 6th Floor, Raghuvir Textile Mall, AAI Mata Road, b/h Dominos Pizza, Dumbhal, Surat, Gujarat 395010 India"
415,"MAYFFEI LIFESTYLE PRIVATE LIMITED PLOT NO-561,PACE CITY ||SECTOR 37 GURGAON, HARYANA-122004"
416,"ANOKHI DESIGNER-Plot No.2, Ground FloorVallabhacharya Road, HirabaugSurat , GUJARAT - 395006"
417,"VISHVAS INTERNATIONAL PVT LTD, A-46, SECTOR-58, NOIDA, 201303, UP"
418,"Manomay Creation 63/189, Pratap Nagar, Jaipur - 302033, Rajasthan"
419,"Pimu Collection Plot No 50, C Block, Krishna City, LNT Road,Madrampura, Sanganer Rajasthan PinCode:302029"
420,"Stylum Mart Private Limited, Plot No 26-B and 26-C, Behind JK Tyre Showroom, Ganesh Vihar, Diggi Malpura Road, Sanganer, Jaipur, Rajasthan, 302029"
421,"Draax Fashions, B-104, Sector 6, Noida, 201301"
422,"Pink December Fashion Pvt Ltd, 135, PRIME ESTATE, KHO NAGORIYAN, JAGATPURA, JAIPUR, Rajasthan, India, 302017"
423,"DBS Lifestyle India Private Limited, B-107, Sector 2, Noida, Gautam buddha nagar, Uttar pradesh, 201301"
424,Dream Beauty Fashion/ New Bamroli Road Near Devki Nandan School Pandesara Surat (394221)
425,LUEUR VESTURES PVT LTD 385A UDYOG VIHAR PHASE 4 GURUGRAM HARYANA 122016
426,"Prateek Apparels Pvt Ltd (Hubli) Hubli- Nh-4 Bangalore Main Road,Varur. Vrl Complex, Hubli-581207"
427,JC JUMMY COUTURE HOUSE NO 139. MOLARBAND VILLAGE BADARPUR SHANI MANDIR DELHI 110044
428,"SAANII APPARELS PRIVATE LIMITED, PLOT NO. 122, UDYOG VIHAR PHASE 1, GURGAON - 122016"
429,"Cutiekins Private Limited, 3rd Floor ,A-25/1 , Phase -1, Narina Industrial Area, New Delhi, Delhi-110028"
430,"COTLAND FASHION PVT. LTD. - A-54 SHANTI PATH, TILAK NAGAR, JAIPUR 302004 RAJ INDIA"
431,"Summit India,C-73, Sector-58-Noida-201301"
432,"SWARRD 28, Sector 6,Noida,NOIDA,UTTAR PRADESH,201301"
433,"Kotty Lifestyle Pvt Ltd,Gb 65,Basement,2nd Floor,Bharat vihar,Lakkarpur,Faridabad,Haryana,121009"
434,"USTAT TRADING LLP , Plot No 1 ,Saibaba Compound Vibagh-1 Udhna, Surat,Gujarat,394210"
435,"Krislon Synthetics Private LTD. BG-120,1st floor Rajlaxmi Commercial Complex , Kalher ,Bhiwandi,Dist Thane 421306 India."
436,"Hues Moda, R-113 B, Street No. 03, Ramesh Park, Laxminagar, New Delhi-110092"
437,"Beena Creation TA-245/4,First Floor Tughlakabad Extn New Delhi-110019"
438,"Shiva International Apparels, First and Second Floor, A 38/3, MAYAPURI INDUSTRIAL AREA-1, New Delhi, West Delhi, Delhi, 110064, New Delhi, Delhi, 110064"
439,"CHUNMUN STORES PVT LTD,A-14 Lajpat Nagar New Delhi-110024"
440,Dream Beauty Fashion/ New Bamroli Road Near Devki Nandan School Pandesara Surat (397221)
441,"UNAONE CREATIONS, 350, STREET-5, HARI NAGAR, GURGAON, HARYANA- 122001"
442,"Vajra Ventures, Sangini Textile HUB-B, kadodara road, saroli, Surat, 395010"
443,"Dadadadeshwar family store llp no61/4 , 12 th main, 23rd cross , 3rd block jayanagar bangalore 560011"
444,"HIMANSHI ENTERPRISESGOVERDHAN NAGAR, 419-ASANGANERJaipur , RAJASTHAN - 302022"
445,"6/18, Ganesh colony, Sanganer, Jaipur - 302029 ( RAJ )"
446,"Romina Retail Pvt. Ltd., B-129 Basment, Malviya Nagar, Jaipur-302017"
447,"WEDANI LIFESTYLE, 7014, RAJ TEXTILE WORLD, GODADARA ROAD, SURAT-395010"
448,"RAJA FASHION , VANI VIHAR , NEW DELHI-110059"
449,"Kiara for her Clothing Private Limited and Building No. 1510, Upper Ground Floor, Bhishma Pitamah Marg, South Extension Part-1, New Delhi-110003"
450,"Wakai Fashion,Ozone Residenza, Unit No. 20, Harlur Banglore, Karnatka-560102"
451,"Ambaji Tex Fab, 5003, kuberji empire, behind bharat cancer hospital, surat, Surat, Gujarat, 395010"
452,"M/S BK Garments, B-18, Sec57 Noida, UP-201301"
453,"T International, 182 Udyog Vihar Phase 1, Gurugram, Haryana, 122016"
454,"Apex Apparels, Plot No 562, Pace city-2 Sector-37 Gurgaon 122001 Haryana"
455,"P Inspiration, 1st floor, Shree Kunj Apartment. 6 Alipore Avenue. Kolkata-700027"
456,"Winza Designer, E-3521, New Bombay Market, Umarwada,Surat 395010 GJ"
457,"Winza Designer,Udhna,Surat,Gujrat.394210"
458,"Apex Appales, Plot no 562, pace city-2 sector-37 gurgaon 122004 Haryana"
459,"FABLE STREET LIFESTYLE SOLUTIONS PRIVATE LIMITED Plot no 362, Udyog Vihar, Phase-2, Gurgaon, Gurgaon, Haryana, 122016"
460,"Jaiyam Industris LLP, plot no 2 industrial area near toll barrier brotiwala baddi, Baddi, Himachal pradesh, 174103"
461,"Aditya Birla Fashion and Retail Limited,Divyashree Technopolis, Ground floor,KH No: 118/110/1, Building 2,Yemalur Post, Off HAL Airport Road,Bangalore-560037"
462,"Mayffei Lifestyle Private Limited, Plot No 561, Pace City-2 Sector-37 Gurgaon 122004 Haryana"
463,"Bewakoof Brands Pvt Ltd, Sairaj logistic hub #A5,BMC pipeline road, Opposite all saints high school, Amane, Bhiwandi, Thane, Maharashtra 421302"
464,"Deluxe Fabrics(I)Ltd., Chandigarh Rd, Bholapur, Ludhiana, Punjab-141015"
465,"SANYOG INTERNATIONAL, PLOT NO 52 AMRIT COLONY OPP DAIRY COMPLEX HABOWAL, Ludhiana, Punjab, 141001"
466,"DOEL WORLDWIDE SUPPLIERS PRIVATE LIMITED, B--23/229, Industrial Area-A, Suffian Bagh Chowk, Ludhiana, Ludhiana, Punjab, 141008"
467,"Kautam Knits,No 60/3Radhakrishnan Streetnear Ramakrishna Schoolammapalayam,Tirupur,Tamil Nadu,India-641652"
468,"Bodyglove Apparel India,No.21, Muthusamy 6th Cross Street, College Road, Tiruppur- 641602, Ph: 93603 57672"
469,"Paragon Apparel Pvt. Ltd.,D71/72, Hosiery Complex,,Noida,201305,IN"
470,"Carnation Creations Private Limited,376/1 Narasimhanaickenpalayam,,Coimbatore,641031,IN"
471,"Go Go International Pvt Ltd,No.5/6, KHB Industrial Area,,Bangalore,560064,IN"
472,"Letshandcraft, 402, sapphire 2, Somdatt landmark, Sector 116, Mohali, Punjab, 140301"
473,"Cultgear Private LimitedNo.1090/A, Sector 3, HSR Layout, Bangalore, Bengaluru(Bangalore) Urban, Karnataka, Pincode: 560102"
474,"MAITRI KNITWEAR, BEHIND HP GAS AGENCIES, VILL-BAJRA, RAHON ROAD, LUDHIANA, , Punjab, India, 141007, Ludhiana, Punjab, 141007"
475,"SHIV SUNDARAM,Khasra No-72-73, ,Jujhar Singh Nagar Gehlewal Taraf,Ludhiana,PUNJAB-141007"
476,"Sunrise Creations, 2/17D Semmandampalayam, Mudalipalayam Village, Tirupur - 641606, Ph : 9842187654, Email : sunrisecreations03@gmail.com"
477,"Survey No - 3/4,5,6,7,Vadivel Garden,Kasipalayam,Vijayapuram Post,Tirupur - 641606."
478,"SUDITI INDUSTRIES LTD,SUDITI INDUSTRIES LTD. ,RETAIL DIVISION C-253/254, MIDC, TTC AREA,TURBHE,PAWANE VILLAGE,.,Mumbai,Maharashtra,400705"
479,"Elcinco Inc, #17 Amarjothi Sathymoorthy Nagar, 1st Street, Kangeyam Road, Tirupur - 641604"
480,"HANDA CLOTHING INC. AND 77, BAL SINGH NAGAR, STREET NO.11, LUDHIANA, PUNJAB-141008"
481,"POPPYS APPARELS, 35(3),35(4),35(5), Tirupur, Tamilnadu, 641602"
482,"KAY VENTURES PRIVATE LIMITED, 9/2a, Admin Block ,Karur Textile Park Limited,Madurai Bye pass Road, Karur, Tamilnadu, 639003"
483,"QUANTUM KNITS-3 (A UNIT OF KPR MILL LIMITED), 460 AVINASHI MAIN ROAD,,THEKKALUR,641654,TIRUPPUR"
484,"Ashwaruthi Apparels,41, S.S Nagar Extension, K.P.N Garden, Thiruneelakandapuram, Tirupur, Tiruppur, Tamil Nadu, 641607"
485,"Aero Armour, 7, DL Khan Road, Bhowanipore, Kolkata 700027"
486,75C DLF Faridabad Haryana 121003
487,"Luckshmi Knits Pvt Ltd - FILMODE - 188 SLS, R S Puram, Coimbatore-641002"
488,"Tedhi Medhi Family, D 296 Sarvodaya Enclave, Delhi-110017"
489,Av universal traderz 102 pandit mohalla chilla village delhi - 110091
490,"Name -Fashionrack, Shanta estate,1st floor,Navghar,vasai Rd,opposite to MSEB colony,vasai East,vasai-virar,Mumbai-401208"
491,"B-363 sector 92 noida, 201304"
492,"My Swag Hub, Faridabad, Haryana-121003"
493,"PENTAGON CLOTHING COMPANY, 70B, JOTHIPURAM 1 st STREET, Tirupur, Tamilnadu, 641602"
494,"PROSOURCE FASHION AND LIFESTYLES PVT LTD, 734 Sector 42, Gurgaon, Haryana, 122009"
495,"22 C 23-3, East Gandhipuram, B.Komarapalayam, 638183"
496,"TANPRI TRENDSETTERS PRIVATE LIMITED B-86, Block B, Sector 60, Noida,Gautam buddha nagar,UTTAR PRADESH - 201301"
497,"TECHNO SPORTSWEAR PVT LTD, Techno Sportswear Pvt Ltd, SF 102 A, Kasipalayam Main Rd, Vijayapuram Post, Nallur, Tirupur-641606"
498,ARMOUR TEXTILES - NO 11 PARAPPALAYAM MANGALAM ROAD TIRUPUR - 641604
499,"Fairway Fashions,No 18, AVM Layout, Sumundipuram, South Gandhi Nagar Post, Tirupur, Tamil Nadu - 641603"
500,"COLOR CAPITAL, First floor, Gowdown no. 29/6, 29/7, 32/3 & 32/4 PanchwatiGate no. 2, Near Apollo DB Pride, Dewas Naka AB Road, Talawali Chanda, Indore - 452010"
501,"SHAKTHI KNITTING PRIVATE LIMITED, Survey N0 360/1 A1, Door No 4/677,SHAKTHI CENTRE, NOCHIPALAYAM ROAD,,641605,TIRUPUR"
502,"C- 82 second floor mayapuri industrial area phase 2 ,110064"
503,"ARVIND LIMITED (JEANS DIVISION),26/2, 27/2, Kenchanahalli,,Bangalore,560059,IN"
504,"WONDERBLUES APPARELS PVT LTD,NO.48,1,2,3, MYLASANDRA,MYSORE ROAD,KENGERI.,Bengaluru, Karnataka,560059"
505,Aadvi fashion gandhi nagar delhi 110031
506,"Bespoke Clothing, No.347; 1st Floor, 13A Main, A Sector, Yelahanka New Town, Bengaluru-560064, Karnataka"
507,"Shell Apparels Pvt Ltd.,,10/14 - 10/16, G T Industrial,Bangalore,560091,IN"
508,"Kotty Lifestyle Pvt Ltd, Gb-65,Bharat Vihar,Lakkarpur, Faridabad,Haryana,121009"
509,"RND APPARELS INDIA PRIVATE LIMITED, C-72, SECTOR 58, NOIDA, Noida, Uttar pradesh, 201301"
510,"1DAYJEANS, Shahdara,New Delhi, Delhi-110095,India"
511,"Divine Creation,B-150,Mayapuri indl area,New Delhi-110064"
512,"Perfect Outlet, Shahdara,New Delhi, Delhi-110095,India"
513,"AAA TEXTILES PRIVATE LIMITED, 327,PNK MILL STREET, Theni, Tamilnadu, 625531"
514,"AQUA, SUNDER BAUG LANE, GALA NO 20, Mumbai, Maharashtra, 400070"
515,"Aditya Birla Fashion & Retail Ltd, 7th Flr, Skyline Ikon Business Park, AK Road, Andheri East, Mumbai-400059, India"
516,"Taurus Clothing Co. Pvt. Ltd., A-13, Sector-57, Noida, Gautam Buddha Nagar, Uttar Pradesh, 201301"
517,"3rd, PlotNO,271/19,Tughkalabad extn,southdelhi, 110019newdelhi , Delhi - 110019"
518,"Ambaji Texfab, 5003, Kuberji Empire, behind Bharat Cancer Hospital, Saroli, Surat, Gujarat 395010"
519,"RAJLAXMI HOME PRODUCTS PRIVATE LIMITEDUnit No.5, Anjani Kumar Industrial EstateMumbaiMaharashtra400078"
520,"Leemboodi Fashion, 7001, 7th Floor, Hindustan Textile Centre-2 (HTC - 2)Near Samrat Vidhyalay BRTS Stand Canal Rd, DumbhalSurat , GUJARAT - 395010"
521,"VIBE VISION-B-5034, Radha Raman Textile Market (RRTM-2) Phase-2, Saroli, Surat - 395010"
522,"RANGDEEP APPARELS,H -276, RIICO INDUSTRIAL AREAJaipur , RAJASTHAN - 302022"
523,"Gostyle, UG-39, Sangini Textile Hub-B, Saroli, Surat, 395010"
524,Deebaco A-38K Sector 64 Noida G.B Nagar U.P(201301)
525,"Jalan House, 2nd Floor, Plot No. D/8, Unity Estate, Bhestan, Surat, Gujarat, 395023"
526,"Trade by us ,khasra no.1143,1st floor,Rithala,Delhi-110085"
527,"NAINVISH LIFESTYLE, C-8, PRAMUKH PARK IND. ESTATE, OPP.,SHAKTI SHERI PANDESARA, UDHNA, 394220, SURAT, GUJARAT"
528,"Wrap Fashion Pvt Ltd, A-48, Sector 6, Noida, U.P.-201301"
529,"Keev Lifestyles Private Limited, Plot No-326, GIDC, Pandesara, Vadod, Surat, Gujarat, 394221"
530,"I-2, Veer Savarkar Marg, opposite Aggarwal sweet, Block I, Lajpat Nagar II, Lajpat Nagar, New Delhi, Delhi 110024"
531,"K.P.FASHION, SACHIN,SURAT-394230"
532,"Creative Designs, 223, Kushal Nagar, Sanganer, Jaipur - 302029"
533,"FAB GALAXY PRIVATE LIMITED, PLOT NO 102-103, SACHIN APPAREL PARK, SACHIN NAVSARI ROAD, SACHIN, TALUKA CHORYASI, SURAT , GUJARAT - 394235"
534,"JMD TEXTILES, 2ND FLOOR, LYKA PROJECTS, JALAN COMPLEX, GATE NO 1, LEFT LANE 2, HOWRAH, WEST BENGAL, INDIA, 711302,"
535,"MANOJAVA SHRI JI NAGAR, DIGGI ROAD, SANGANER, Jaipur, Rajasthan - 302029"
536,Veer creation 187 readymade complex pardesipuraindore Pin 452004
537,"Gayatri Apparel, Sitapura Industrial Area-302022"
538,"DEVSHRI CLOTHING PRIVATE LIMITED, Ground floor, 662, North Avenue, North Avenue audyogik colony, Indore, Indore, Madhya Pradesh, 452010"
539,"Mannat Fashionables - B-85, 2nd Floor Wazirpur Industrial Area, Delhi 110052"
540,"INCITYSTYLE,NILKANTH, 2/1956/A/2 PAI MZ OFF 2, SAGAR APARTMENT,Sagrampura, Surat, Surat, Gujarat, 395002"
541,"Brand Baaja Bride LLP: Shop 104 Vardan Textile Market, Parvat Patiya, Surat-395010"
542,"Opus Apparels LLP, Plot No. 542, B/H T.M. Patel Pertolpump, Near Palsana Chokadi, Vill. Palsana, District Surat, Gujarat, Pincode 394315"
543,"INDDUSINC EXIM PVT. LTD.Plot no - 3 to 5, 1st& 2ndfloor, Margiwala compound,Near Komal International Circle, Bamroli Road, Surat-395002"
544,"Tradyl Private Limited No. 21, Datta Arcade, 4Th Floor, Above Bank Of Baroda Outer Ring Road Branch, Bellandur,Bengaluru, Karnataka 560103"
545,"Apex Apparels , Plot no. 595 , Sector 37 , Pace City 2 , Pin Code - 122001 Gurgaon Haryana"
546,"ATCHAYA GAREMENTS, NO 7/203-A GURUVAYURAPPAN NAGAR, Tirupur, Tamilnadu, 641602"
547,"RANGDEEP APPARELS,H -276, RIICO INDUSTRIAL AREA, SITAPURA, Jaipur,Rajasthan, 302022"
548,"Periwinkle Designs, B-19, Sector-63, Noida-201301, UP, India"
549,"Eternal Clothing LineB 27/28/29. Central Park, Pandesara GIDC, Surat, Gujarat 394221"
550,"KAAJAL BY VIDHI,2606,B wing,Beaumonte, Near Movie Max, Sion East, Mumbai -400022"
551,"Sera Group, Gehlot Farms, Sector -47, Gurgaon -122001, Contact :8800611883 , Email: hello@seratrends.com"
552,"CAPDAZZ LIFESTYLE LLP G-7 shree kuberji plazo, opp avadh textile market, behind new Bombay market umarwada Surat, Gujrat- 395008"
553,Mint Fashion Pvt Ltd D142 Epip Site V Kasna Greater Noida 2013010 Uttar Pradesh
554,"Apex Apparels ,Plot no 10 Kh no 74/3 2nd floor Kamruddin Nagar Amar Colony Delhi 110041"
555,"Apex Apparels ,Plot no 10 Kh no 74/3 2nd floor Kamruddin Nagar Amar Colony Delhi - 110041"
556,"Aditya Birla Fashion and Retail,Anekal Taluk,Survey Nos.517/2,527,528,529,530,531Madivala Village,Kasaba Hobli-562107,Bangalore,Karnataka,India"
557,"Aditya Birla Fashion & Retail Ltd. (Madura F&L Division) Regd. Office: Piramal Agastya Corporate Park, Building A,4th & 5th Flr, Unit No.401,403,501,502, L.B.S. Road, Kurla, Mumbai - 400070"
558,"Home Candy, Plot # 72, Sector 29, Huda part-1 Panipat, Haryana, Pincode 132103,Support@mytrampoline.in"
559,"Meraki Clothing Pvt Ltd. 254, 6th Cross Rd, Domlur I Stage, 6th Block, Domlur, Bengaluru, Karnataka 560071, India"
560,"Lavian LLP, 75/2 Dene Anjeneya Temple Road, Haralur Road, Bangalore , 560102"
561,"Googo Gaaga Online Services Pvt Ltd 32/24/1 Saini Mohalla Extn, Opp Indian Oil Depot, Bijwasan New Delhi -110061"
562,"Durakart Marketing Private Limited Regent Garment & Apparel Park. Block 16, Ground Floor, Kolkata - 700124"
563,"Vardhman Wool Store,PLOT NO-31, SECTOR-25 PART-2 , HUDA, PANIPAT-132103, Haryana"
564,"Vardhman Wool Store,PLOT NO-182, SECTOR-29 PART-1 , HUDA, PANIPAT-132103, Haryana"
565,"Bodyglove Apparel India,No.21, Muthusamy 6th Cross Street, College Road, Tiruppur- 641602, Ph: 9842595258"
566,"Durakart Marketing Private Limited Regent Garment & Apparel Park. Block 16, Ground Floor, Kolkata - 700 124"
567,"Combine Sales Pvt Ltd, B-1, Radhika Kunj, L.IG Khajrana Link Road, Indore (M.P) - 452010"
568,"Radhamani Textiles Pvt. Ltd. No. 27, Vtms Arcade, Yelenkunte, Mangammanapalya, Hosur Main Road, Bengaluru-560068"
569,"Delta Clothing,C2, Nand Dham Marol Maroshi Road, Marol AndheriEast,MUMBAI,MAHARASHTRA,400059"
570,"Terva Corporation. Plot No:596/17, Yogi Estete-4, Jitali Ankleshwar GIDC-Bharuch (GUJARAT)-393001- tervacorporation@gmail.com"
571,"Dutt Creation, 2067, International Fashion Market, sitanagr, Sunagam, Surat-395010"
572,"TOPMAN INTERNATIONAL LTD, TOPMAN INTERNATIONAL LTD. 82, BADAMWADI, 331-A, Mumbai, Maharashtra, 400002"
573,"BHAVI GARMENTS 54/6, PADMAVATI PARK, NR NANA KHODIARMA MANDIR, RAMOL ROAD, AMRAIWADI, Ahmedabad, Gujarat, 380024"
574,"shvd, 110, krishana row house, part 1, pasodra,surat-394185"
575,"Sri Manchammadevi Enterprises, No-8, 2nd Cross, 1st Main, opp Sri Anjaneya Temple road, Sanjeevini Nagar, Hegganahalli Cross, Bangalore - 560091"
576,"FASHION GRAB INDIA PVT LTD Shed 7, gala number 1/2/3, upper floor , Sunita industrial estate , behind prakash glass , lbs Marg , Bhandup West , Mumbai 400078"
577,"SANJAY VINUBHAI DHAMELIYA, 110, krishana row house, part 1, pasodra,Surat,Gujarat - 394185"
578,"Terva Corporation. Plot No:41, Yogi Estete-2, Jitali Ankleshwar GIDC-Bharuch (GUJARAT)-393001"
579,"M/S. Shreeraj Apparels, Phar-East Compound, Godhra, Gujarat, Pin - 389001"
580,"Shreeji Enterprise 1099,IFM Market, Sitanagar Cross Road, opp. Rajhans Mall Punagam, Surat, Gujarat-395010"
581,"ARVIND LIFESTYLE BRANDS LIMITED, DU PARC TRINITY, 8TH FLOOR, 17, MG ROAD BANGALORE 560001"
582,"Shreeji Enterprise 1099-IFM Market Sitanagar cross Road opp., Rajhans Mall Punagam Surat-395010"
583,"Eternalia Creative & Merchandising Pvt Ltd, 501/502, Marol Maroshi Rd, Gamdevi, Marol, Andheri East, Mumbai, Maharashtra 400059"
584,"CANTABIL RETAIL INDIA LIMITED B-16 LAWRANCE ROAD, India Area New Delhi 110035"
585,"Asiatic sourcing (OPC) pvt Ltd,#103, 2nd floor,Regent prime building,No 48,Whitefield main road, Whitefield, Bangalore-560066"
586,"Messianic Clothing Pvt. Ltd.,B-18, Hosiery Complex, Phase-II,Noida,201305"
587,"CrayonFlakes Design Pvt Ltd. A-174, First Floor, Sector 83, Noida, UP 201305"
588,"LIL PITAARA, Shalimar Industrial Estate, Unit No. C-28, 3rd Floor, Andhra Valley Road, Matunga - 400019"
589,"Lifestyle Int Pvt Ltd, 77 Degree Town Centre, Building No. 3, West Wing, Off HAL Airport Road, Yamlur, Bangalore-560037, Karnataka"
590,"Dutt Creation, 3100, Bellagio Lace Textile Market, Surat-395010"
591,"Meeshak Clothing LLP, Sr.No.2/6/17, 1st floor, Dhandekar Nagar, Yewalewadi, Kondhwa Saswad Road, Pune Maharashtra - 411048."
592,"Universal creations, No.4, Valli Ammai Nagar, 6th Street, Maniyakarampalayam road, Rakiyapalayam, Tirupur- 641604"
593,"Lavian LLP, 75/2, Denne Anjeneya road , haralur road , Bangalore , 560102"
594,"HOME CANDY - SJIT,PLOT NO-72, SECTOR-29,PART - 1,Unnamed Road,Panipat,HARYANA,132103"
595,"Silhouette Fashions, Sri Vishnupriya Garden Extn, 172/1, Nallur Po, Tirupur, Tamil Nadu, 641606"
596,"Carnation Creations Private Limited 376/1 Narasimhanaickenpalayam,,Coimbatore,641031,IN"
597,QUANTUM KNITS (A UNIT OF KPR MILL L VILLAGE ARASUR POST COIMBATORE 15 181 KOLLUPALYAM COIMBATORE TN INDIA 641407
598,"Miniklub Retail Pvt Ltd No-17L,2nd Floor,Sector -3, HSR LayoutBangalore-560102"
599,"ARDEUR FASHIONS, 2ND FLR, SF NO.183/3B, ZEAL INDUSTRIAL AVENUE, KOZHI PANNAI, MANGALAM ROAD, Tirupur - 641687"
600,"Miniklub Retail Pvt Ltd No-17L,2nd Floor,Sector -3, HSR LayoutBangalore--560102"
601,"Imperial Online Services Pvt Ltd, 6-56/6/1, Industrial Estate, Opp: IDPL main gate, Balanagar, Hyderabad - 500037"
602,"Kotemoda Lifestyle Pvt Ltd.Survey No. 94/3, Koralur, Soukya Road, Hosakote Taluk,Landmark: Soukya Road Police Station,Bangalore-560067"
603,"Googo Gaaga Online Services Pvt Ltd 32/24/1 Saini Mohalla Extn, Opp Indian Oil Depot, Bijwasan New Delhi -61"
604,"Fashion Dream,Udhna Udhyognagar,Udhna Surat-394210"
605,"Contact Us On-Email address-caviocare@gmail.com,Contact No- +918817727807,Puneet Apparels Pvt. Ltd., 145-147, Readymade Complex, Pardeshipura, Indore (M.P) 452010"
606,"BAESD , 288, 4th Floor, Shivaji Market, Pitampura,110034"
607,"OM CASUAL,B-5 WESTEND MARG,LANE NO-1,SAIDULAJAIB,SAKET,DELHI-110030"
608,"BAESD, D-515 LOWER GROUND NEW BOMBAY MAREKT, UMARAWADA SURAT 395010,"
609,BUGANDBEES A-38K Sector 64 Noida G.B Nagar U.P(201301)
610,"MOOZOO FASHIONS PVT. LTD., JALAN COMPLEX, GATE NO -3, GALI NO 6, AMRIA MOUZA, DOMJUR, HOWRAH, WEST BENGAL - 711411"
611,"MAGADH TECHNO SERVICES PRIVATE LIMITED,C-21, POCKET-C,SIDDHRATHA EXTENSION,DELHI,SOUTH DELHI, NEW DELHI 110014"
